Model,Relative share of inconsistency eliminating cases among fixed points,Relative share of consistency preserving cases among fixed points,Relative share of inconsistency preserving cases among fixed points,Relative share of consistency eliminating cases among fixed points
QuadraticGlobalRE,0.1943392608924891,0.5319465081723626,0.25173752576331304,0.021976705171835306
LinearGlobalRE,0.19804408568767465,0.5415088481837939,0.25135051226327226,0.009096553865259236
QuadraticLocalRE,0.22174311432113405,0.4743168220772921,0.2833863346448912,0.020553728956682657
LinearLocalRE,0.29568699133916526,0.5310527919223571,0.16560038299168733,0.007659833746790269
