Model,% of reached global optima in global optima,% of reached global optima in all branches
LGRE,39.01983352516306,72.60537587683903
LLRE,105.87949465500486,56.431116548638585
QGRE,55.47777552579474,73.97305837352404
QLRE,84.53434471133586,34.49413443044747
