Model,Relative share of inconsistency eliminating cases among global optima,Relative share of consistency preserving cases among global optima,Relative share of inconsistency preserving cases among global optima,Relative share of consistency eliminating cases among global optima
QuadraticGlobalRE,0.2291836928898492,0.511609551851147,0.23045856050513305,0.028748194753870783
LinearGlobalRE,0.2609277570880242,0.5103805487778776,0.21641196866572493,0.012279725468373215
QuadraticLocalRE,0.22678908033255837,0.5140795923805388,0.23062531633791022,0.028506010948992584
LinearLocalRE,0.2646762705659163,0.5043267470628044,0.21894033526742626,0.012056647103853024
