Model,Relative share of inconsistency eliminating cases among fixed points,Relative share of consistency preserving cases among fixed points,Relative share of inconsistency preserving cases among fixed points,Relative share of consistency eliminating cases among fixed points
QuadraticGlobalRE,0.21145411079929322,0.5003014239684025,0.2660014551501923,0.022243010082112047
LinearGlobalRE,0.1980259482276988,0.5413743869886399,0.25150536966912906,0.009094295114532249
QuadraticLocalRE,0.2872180546887935,0.45143090031458155,0.2404702166409822,0.020880828355642728
LinearLocalRE,0.4818159912181278,0.46637631750394914,0.04844309186159627,0.0033645994163267858
