Model,% of fixed points in global optima,% of global optima in fixed points
QuadraticGlobalRE,46.75303013454909,79.63068181818181
LinearGlobalRE,44.68879668049793,77.55374961423722
QuadraticLocalRE,40.34248860224619,66.43471891594946
LinearLocalRE,35.07409602845287,73.63115978098557
