Model,Relative share of inconsistency eliminating cases among fixed points,Relative share of consistency preserving cases among fixed points,Relative share of inconsistency preserving cases among fixed points,Relative share of consistency eliminating cases among fixed points
QuadraticGlobalRE,0.2110327034772682,0.5167599045721133,0.2502253643481241,0.021982027602494396
LinearGlobalRE,0.19434560062407483,0.531397166725813,0.2655163483948936,0.008740884255218474
QuadraticLocalRE,0.23619941656070012,0.45219945736065115,0.2904361514766182,0.021164974602030477
LinearLocalRE,0.304087286627331,0.5163640508149149,0.17217541490956592,0.00737324764818825
